[
  {
    "n": "Kaiju No. 8 Season 2 (2025)",
    "p": "https://9animetv.to/watch/kaiju-no-8-season-2-19792",
    "o": "HD",
    "q": "https://cdn.noitatnemucod.net/thumbnail/300x400/100/8a3c3a24bc6aebc4b3c01ca82a5033ed.jpg",
    "r": "Watch Kaiju No. 8 Season 2 online for free. Latest episodes available on 9anime.",
    "s": "9anime",
    "t": "8.5",
    "m": "Action, Adventure, Anime"
  },
  {
    "n": "The Stunned Hero and the Assassin Princesses (2025)",
    "p": "https://9animetv.to/watch/the-stunned-hero-and-the-assassin-princesses-19753",
    "o": "HD",
    "q": "https://cdn.noitatnemucod.net/thumbnail/300x400/100/b26ecc3bfec1e0e448830968361ccfea.jpg",
    "r": "Watch The Stunned Hero and the Assassin Princesses online for free. Latest episodes available on 9anime.",
    "s": "9anime",
    "t": "7.8",
    "m": "Action, Adventure, Anime"
  },
  {
    "n": "Anne Shirley (2025)",
    "p": "https://9animetv.to/watch/anne-shirley-19565",
    "o": "HD",
    "q": "https://cdn.noitatnemucod.net/thumbnail/300x400/100/c2e271a9e9498aa1dde79ae78a7e97ca.jpg",
    "r": "Watch Anne Shirley online for free. Latest episodes available on 9anime.",
    "s": "9anime",
    "t": "8.2",
    "m": "Drama, Family, Anime"
  },
  {
    "n": "Case Closed (2025)",
    "p": "https://9animetv.to/watch/case-closed-323",
    "o": "HD",
    "q": "https://cdn.noitatnemucod.net/thumbnail/300x400/100/3b185ed9d10aa300bb0cb7fc35b84999.jpg",
    "r": "Watch Case Closed online for free. Latest episodes available on 9anime.",
    "s": "9anime",
    "t": "9.1",
    "m": "Mystery, Detective, Anime"
  },
  {
    "n": "YAIBA: Samurai Legend (2025)",
    "p": "https://9animetv.to/watch/yaiba-samurai-legend-19575",
    "o": "HD",
    "q": "https://cdn.noitatnemucod.net/thumbnail/300x400/100/fc237f80ce02963acf93eb8797e12f9f.jpg",
    "r": "Watch YAIBA: Samurai Legend online for free. Latest episodes available on 9anime.",
    "s": "9anime",
    "t": "8.7",
    "m": "Action, Historical, Anime"
  },
  {
    "n": "Celestial Bonds (2025)",
    "p": "https://9animetv.to/watch/celestial-bonds-19708",
    "o": "HD",
    "q": "https://cdn.noitatnemucod.net/thumbnail/300x400/100/c42c38928dc41a8890e3cc418cd7b0f9.jpg",
    "r": "Watch Celestial Bonds online for free. Latest episodes available on 9anime.",
    "s": "9anime",
    "t": "7.9",
    "m": "Fantasy, Romance, Anime"
  },
  {
    "n": "Over the Divine Realms (2025)",
    "p": "https://9animetv.to/watch/over-the-divine-realms-19795",
    "o": "HD",
    "q": "https://cdn.noitatnemucod.net/thumbnail/300x400/100/48acf943ff7100aaf5c93ac7b6569f31.jpg",
    "r": "Watch Over the Divine Realms online for free. Latest episodes available on 9anime.",
    "s": "9anime",
    "t": "8.0",
    "m": "Fantasy, Adventure, Anime"
  },
  {
    "n": "One Piece (2024)",
    "p": "https://9animetv.to/watch/one-piece-100",
    "o": "HD",
    "q": "https://cdn.noitatnemucod.net/thumbnail/300x400/100/bcd84731a3eda4f4a306250769675065.jpg",
    "r": "Watch One Piece online for free. Latest episodes available on 9anime.",
    "s": "9anime",
    "t": "9.5",
    "m": "Action, Adventure, Anime"
  },
  {
    "n": "Attack on Titan (2024)",
    "p": "https://9animetv.to/watch/attack-on-titan-112",
    "o": "HD",
    "q": "https://cdn.noitatnemucod.net/thumbnail/300x400/100/ad5dc5cccd81c8ba827a3f6d1cb6d138.jpg",
    "r": "Watch Attack on Titan online for free. Latest episodes available on 9anime.",
    "s": "9anime",
    "t": "9.2",
    "m": "Action, Drama, Anime"
  },
  {
    "n": "Death Note (2024)",
    "p": "https://9animetv.to/watch/death-note-17",
    "o": "HD",
    "q": "https://cdn.noitatnemucod.net/thumbnail/300x400/100/ed2b5dc391de34b45a271a65b79ab81e.jpg",
    "r": "Watch Death Note online for free. Latest episodes available on 9anime.",
    "s": "9anime",
    "t": "9.0",
    "m": "Thriller, Supernatural, Anime"
  }
]